date	word	gloss	quote	lang
2026-09-25	ultimate	究極の	Simplicity is the ultimate sophistication.	en
2026-09-25	exemplify	~の好例である	... exemplify ...	en
2026-09-25	entertain	(疑問などを)心にとどめる・検討する	It is the mark of an educated mind to be able to entertain a thought without accepting it.	en
2026-09-25	invent	(未来を)創り出す・発明する	The best way to predict the future is to invent it.	en
2026-09-25	imagine	想像する・心に描く	Those who can imagine anything, can create the impossible.	en
2026-09-25	impossible	不可能なこと・あり得ない	Those who can imagine anything, can create the impossible.	en
2026-09-25	impediment	妨げ・障害	The impediment to action advances action. What stands in the way becomes the way.	en
2026-09-25	condemned	〜する運命にある・強いられる	Those who cannot remember the past are condemned to repeat it.	en
2026-09-25	ahead	前方に・先の	We can only see a short distance ahead, but we can see plenty there that needs to be done.	en
