1|s001|5e85370e|ax|ok
2|s002|7dc95ab4|bqmlite|(bqmlite-go)
3|s003|c0d1c1f7|char-distribution|ok
4|s004|0301844c|footer|(new)
5|s005|8f9a922c|lx|ok
6|s006|20e63443|mimic-me|ok
7|s007|d7f890c4|mx|ok
8|s008|616b51c0|pi-config-memo|ok
9|s009|a3a6e0df|recap|ok
10|s010|36dcb57c|skill-consolidator|ok
11|s011|274b0212|skill-crawler|ok
12|s012|5ac68d57|tips-word|ok
13|s013|0e740139|tsumete|ok
14|s014|4692acbb|uipath-admin|(unipath)
15|s015|12e63343|uipath-agents|(unipath)
16|s016|4c66c11c|uipath-api-workflow|(unipath)
17|s017|5a99855c|uipath-automation-discovery|(unipath)
18|s018|5898f74c|uipath-automationhub|(unipath)
19|s019|c5e16e2a|uipath-coded-apps|(unipath)
20|s020|33869de0|uipath-connector-builder|(unipath)
21|s021|9a473ec6|uipath-feedback|(unipath)
22|s022|c1406e64|uipath-functions|(unipath)
23|s023|16f4fcb8|uipath-governance|(unipath)
24|s024|331129dc|uipath-human-in-the-loop|(unipath)
25|s025|a02b7416|uipath-insights|(unipath)
26|s026|c4922e51|uipath-ixp|(unipath)
27|s027|d845263d|uipath-maestro-bpmn|(unipath)
28|s028|2cf8347a|uipath-maestro-case|(unipath)
29|s029|5bbbccb5|uipath-maestro-flow|(unipath)
30|s030|362d5f44|uipath-mcp-servers|(unipath)
31|s031|63efe8a8|uipath-planner|(unipath)
32|s032|08546f8a|uipath-platform|(unipath)
33|s033|4e50ccc8|uipath-process-mining|(unipath)
34|s034|43d24ee5|uipath-review|(unipath)
35|s035|843c6816|uipath-rpa|(unipath)
36|s036|3c95694a|uipath-skill-catalog|(unipath)
37|s037|f5c9ce3c|uipath-solution|(unipath)
38|s038|239a69dd|uipath-tasks|(unipath)
39|s039|db1d12c1|uipath-test|(unipath)
40|s040|29190358|uipath-troubleshoot|(unipath)
41|s041|e6813c36|vocab-highlight|ok
42|s042|9f822e30|win-tips|ok
43|s043|ee871105|writing|ok
44|s044|2eb0f31d|wx|ok
